"id","price","id-2","avg","sum"
1269," $98.95 ",1269,"22.0000000000000000","48736"
652," $399.99 ",652,"32.0000000000000000","81191"
273," $249.99 ",273,"33.0000000000000000","140867"
51," $650.00 ",51,"25.0000000000000000","42362"
1091," $149.99 ",1091,"22.0000000000000000","49660"
951," $199.00 ",951,"24.0000000000000000","49315"
839," $299.99 ",839,"22.0000000000000000","41262"
70," $399.99 ",70,"24.0000000000000000","41290"
1075," $189.99 ",1075,"22.0000000000000000","45179"
350," $299.99 ",350,"29.0000000000000000","85391"
758," $199.99 ",758,"22.0000000000000000","44787"
539," $199.99 ",539,"23.0000000000000000","47681"
1108," $199.00 ",1108,"25.0000000000000000","49559"
1128," $99.99 ",1128,"23.0000000000000000","41421"
1284," $89.95 ",1284,"24.0000000000000000","46215"
874," $89.95 ",874,"25.0000000000000000","44022"
278," $299.99 ",278,"24.0000000000000000","48869"
1136," $399.99 ",1136,"25.0000000000000000","43528"
946," $199.00 ",946,"21.0000000000000000","46851"
176," $149.99 ",176,"27.0000000000000000","61575"
576," $299.00 ",576,"23.0000000000000000","41662"
1003," $299.99 ",1003,"24.0000000000000000","40961"
1045," $199.99 ",1045,"28.0000000000000000","63841"
292," $180.00 ",292,"26.0000000000000000","62672"
1331," $299.99 ",1331,"25.0000000000000000","64737"
929," $249.99 ",929,"25.0000000000000000","40261"
663," $140.00 ",663,"21.0000000000000000","43986"
1307," $499.99 ",1307,"22.0000000000000000","42398"
770," $299.99 ",770,"30.0000000000000000","87166"
271," $149.99 ",271,"23.0000000000000000","41029"
417," $140.00 ",417,"26.0000000000000000","54689"
1373," $199.99 ",1373,"24.0000000000000000","41045"
764," $249.99 ",764,"24.0000000000000000","49525"
556," $399.99 ",556,"24.0000000000000000","43621"
1175," $249.99 ",1175,"22.0000000000000000","48818"
529," $399.99 ",529,"23.0000000000000000","45525"
1268," $99.00 ",1268,"22.0000000000000000","47890"
638," $399.99 ",638,"25.0000000000000000","65919"
791," $149.99 ",791,"28.0000000000000000","71673"
775," $399.99 ",775,"21.0000000000000000","48343"
940," $99.00 ",940,"26.0000000000000000","56300"
390," $99.99 ",390,"32.0000000000000000","99130"
173," $189.99 ",173,"43.0000000000000000","284733"
1018," $499.99 ",1018,"21.0000000000000000","42473"
42," $199.00 ",42,"39.0000000000000000","175497"
1263," $299.99 ",1263,"21.0000000000000000","44412"
189," $149.99 ",189,"24.0000000000000000","44561"
876," $299.99 ",876,"21.0000000000000000","40142"
161," $99.00 ",161,"41.0000000000000000","323196"
113," $249.99 ",113,"25.0000000000000000","40060"
1372," $299.99 ",1372,"22.0000000000000000","46261"
632," $199.99 ",632,"23.0000000000000000","48479"
658," $299.00 ",658,"25.0000000000000000","44015"
120," $99.00 ",120,"24.0000000000000000","49235"
1289," $199.99 ",1289,"24.0000000000000000","45321"
802," $399.99 ",802,"22.0000000000000000","42673"
578," $199.00 ",578,"23.0000000000000000","45323"
815," $499.99 ",815,"33.0000000000000000","119673"
695," $98.95 ",695,"28.0000000000000000","56772"
440," $499.99 ",440,"26.0000000000000000","58619"
1004," $199.99 ",1004,"31.0000000000000000","91165"
794," $299.99 ",794,"28.0000000000000000","67575"
57," $69.99 ",57,"21.0000000000000000","40095"
1313," $199.00 ",1313,"27.0000000000000000","60085"
160," $399.99 ",160,"25.0000000000000000","41345"
644," $399.99 ",644,"22.0000000000000000","45518"
824," $199.00 ",824,"34.0000000000000000","144573"
1368," $299.99 ",1368,"26.0000000000000000","58872"
508," $69.99 ",508,"28.0000000000000000","96198"
1262," $299.99 ",1262,"24.0000000000000000","47985"
1194," $180.00 ",1194,"22.0000000000000000","49418"
357," $399.99 ",357,"25.0000000000000000","43474"
1143," $499.99 ",1143,"23.0000000000000000","41455"
769," $249.99 ",769,"26.0000000000000000","68067"
266," $199.99 ",266,"21.0000000000000000","44350"
1287," $69.99 ",1287,"25.0000000000000000","48792"
315," $299.99 ",315,"32.0000000000000000","124711"
1162," $399.99 ",1162,"22.0000000000000000","46883"
366," $99.00 ",366,"22.0000000000000000","41989"
307," $199.99 ",307,"22.0000000000000000","41580"
841," $99.99 ",841,"24.0000000000000000","46584"
1030," $180.00 ",1030,"25.0000000000000000","43009"
91," $189.99 ",91,"28.0000000000000000","52690"
1239," $189.99 ",1239,"23.0000000000000000","49736"
803," $599.99 ",803,"22.0000000000000000","49618"
305," $199.99 ",305,"22.0000000000000000","42848"
54," $89.95 ",54,"28.0000000000000000","66338"
181," $199.99 ",181,"25.0000000000000000","47903"
1312," $169.95 ",1312,"25.0000000000000000","48470"
743," $180.00 ",743,"24.0000000000000000","46822"
963," $199.99 ",963,"24.0000000000000000","44125"
220," $299.99 ",220,"24.0000000000000000","41514"
1278," $140.00 ",1278,"32.0000000000000000","94212"
823," $199.00 ",823,"25.0000000000000000","44882"
822," $299.00 ",822,"21.0000000000000000","49627"
400," $249.99 ",400,"28.0000000000000000","61710"
1118," $199.99 ",1118,"24.0000000000000000","48164"
1025," $169.95 ",1025,"22.0000000000000000","44478"
241," $499.99 ",241,"35.0000000000000000","129017"
175," $199.99 ",175,"21.0000000000000000","41748"
1007," $399.99 ",1007,"24.0000000000000000","42303"
596," $299.99 ",596,"25.0000000000000000","46808"
285," $98.95 ",285,"22.0000000000000000","45059"
50," $189.99 ",50,"22.0000000000000000","42013"
1319," $140.00 ",1319,"25.0000000000000000","56291"
1266," $499.99 ",1266,"24.0000000000000000","41981"
391," $299.99 ",391,"23.0000000000000000","45152"
1104," $99.00 ",1104,"21.0000000000000000","40832"
487," $499.99 ",487,"22.0000000000000000","42723"
699," $299.00 ",699,"28.0000000000000000","61374"
246," $169.95 ",246,"25.0000000000000000","47201"
75," $499.99 ",75,"23.0000000000000000","44223"
1190," $199.00 ",1190,"25.0000000000000000","52113"
128," $180.00 ",128,"21.0000000000000000","44361"
714," $199.99 ",714,"23.0000000000000000","45481"
344," $69.99 ",344,"25.0000000000000000","44512"
906," $199.00 ",906,"23.0000000000000000","45606"
1321," $189.99 ",1321,"31.0000000000000000","78274"
909," $140.00 ",909,"22.0000000000000000","40562"
745," $140.00 ",745,"22.0000000000000000","48781"
1078," $149.99 ",1078,"26.0000000000000000","65110"
534," $199.00 ",534,"22.0000000000000000","40395"
152," $399.99 ",152,"25.0000000000000000","47326"
1216," $249.99 ",1216,"21.0000000000000000","48127"
1049," $599.99 ",1049,"27.0000000000000000","69231"
428," $199.99 ",428,"23.0000000000000000","42160"
637," $299.99 ",637,"24.0000000000000000","49901"
355," $249.99 ",355,"23.0000000000000000","44214"
1279," $199.00 ",1279,"25.0000000000000000","42014"
747," $189.99 ",747,"25.0000000000000000","46102"
222," $199.99 ",222,"24.0000000000000000","41676"
1006," $299.99 ",1006,"31.0000000000000000","82514"
1324," $149.99 ",1324,"21.0000000000000000","49453"
1008," $599.99 ",1008,"21.0000000000000000","40424"
777," $98.95 ",777,"22.0000000000000000","47812"
164," $169.95 ",164,"21.0000000000000000","48422"
1098," $299.99 ",1098,"22.0000000000000000","45513"
1325," $89.95 ",1325,"21.0000000000000000","44447"
922," $199.99 ",922,"28.0000000000000000","90802"
453," $299.00 ",453,"22.0000000000000000","43508"
787," $199.00 ",787,"22.0000000000000000","46452"
186," $299.99 ",186,"22.0000000000000000","42560"
501," $189.99 ",501,"23.0000000000000000","43676"
750," $149.99 ",750,"24.0000000000000000","41705"
545," $149.99 ",545,"28.0000000000000000","55693"
182," $199.99 ",182,"22.0000000000000000","45275"
977," $499.99 ",977,"23.0000000000000000","47667"
528," $499.99 ",528,"21.0000000000000000","48948"
811," $299.99 ",811,"24.0000000000000000","41869"
563," $499.99 ",563,"25.0000000000000000","42776"
143," $199.99 ",143,"28.0000000000000000","69316"
496," $199.00 ",496,"27.0000000000000000","63154"
58," $199.99 ",58,"28.0000000000000000","61647"
228," $399.99 ",228,"22.0000000000000000","41284"
667," $199.99 ",667,"23.0000000000000000","47629"
814," $299.99 ",814,"25.0000000000000000","47649"
668," $149.99 ",668,"28.0000000000000000","68884"
850," $499.99 ",850,"35.0000000000000000","135653"
294," $140.00 ",294,"25.0000000000000000","44343"
481," $499.99 ",481,"22.0000000000000000","45784"
926," $599.99 ",926,"24.0000000000000000","40267"
645," $499.99 ",645,"23.0000000000000000","43894"
1009," $149.99 ",1009,"23.0000000000000000","47591"
607," $299.99 ",607,"22.0000000000000000","43132"
438," $299.99 ",438,"25.0000000000000000","44888"
382," $89.95 ",382,"24.0000000000000000","49602"
258," $149.99 ",258,"25.0000000000000000","47579"
853," $299.99 ",853,"25.0000000000000000","49953"
378," $189.99 ",378,"27.0000000000000000","51534"
483," $299.99 ",483,"31.0000000000000000","77261"
1349," $399.99 ",1349,"23.0000000000000000","40196"
1050," $149.99 ",1050,"24.0000000000000000","49689"
84," $299.00 ",84,"31.0000000000000000","82083"
799," $199.99 ",799,"25.0000000000000000","58773"
276," $499.99 ",276,"23.0000000000000000","42081"
646," $249.99 ",646,"25.0000000000000000","48355"
1259," $399.99 ",1259,"23.0000000000000000","48148"
1044," $299.99 ",1044,"28.0000000000000000","98506"
379," $650.00 ",379,"24.0000000000000000","49020"
320," $299.99 ",320,"24.0000000000000000","46907"
1062," $399.99 ",1062,"21.0000000000000000","47201"
942," $50.00 ",942,"23.0000000000000000","44730"
115," $299.99 ",115,"38.0000000000000000","189435"
97," $299.99 ",97,"22.0000000000000000","46741"
108," $249.99 ",108,"32.0000000000000000","76964"
59," $199.99 ",59,"21.0000000000000000","42811"
589," $299.99 ",589,"32.0000000000000000","72626"
127," $199.00 ",127,"21.0000000000000000","40275"
1285," $399.99 ",1285,"40.0000000000000000","319407"
1167," $299.99 ",1167,"24.0000000000000000","44002"
555," $299.99 ",555,"21.0000000000000000","43986"
682," $249.99 ",682,"23.0000000000000000","47764"
567," $499.99 ",567,"23.0000000000000000","45704"
329," $199.00 ",329,"22.0000000000000000","46812"
44," $199.00 ",44,"25.0000000000000000","49046"
1144," $399.99 ",1144,"24.0000000000000000","48581"
816," $399.99 ",816,"21.0000000000000000","47431"
676," $199.99 ",676,"35.0000000000000000","148606"
153," $499.99 ",153,"25.0000000000000000","61221"
1022," $99.00 ",1022,"23.0000000000000000","45289"
778," $50.00 ",778,"23.0000000000000000","40690"
507," $299.99 ",507,"31.0000000000000000","99603"
944," $199.00 ",944,"22.0000000000000000","45875"
214," $189.99 ",214,"25.0000000000000000","49894"
847," $249.99 ",847,"22.0000000000000000","41729"
419," $189.99 ",419,"25.0000000000000000","59907"
1336," $599.99 ",1336,"30.0000000000000000","92460"
664," $199.00 ",664,"24.0000000000000000","49670"
551," $199.99 ",551,"23.0000000000000000","48583"
1170," $299.99 ",1170,"28.0000000000000000","68884"
532," $50.00 ",532,"22.0000000000000000","48611"
945," $299.00 ",945,"27.0000000000000000","65600"
1371," $199.99 ",1371,"23.0000000000000000","44178"
948," $180.00 ",948,"22.0000000000000000","45527"
95," $89.95 ",95,"24.0000000000000000","41284"
259," $89.95 ",259,"41.0000000000000000","375647"
1203," $399.99 ",1203,"21.0000000000000000","48427"
519," $249.99 ",519,"25.0000000000000000","46556"
1250," $199.99 ",1250,"27.0000000000000000","60827"
965," $299.99 ",965,"23.0000000000000000","47807"
172," $199.00 ",172,"22.0000000000000000","49644"
409," $50.00 ",409,"26.0000000000000000","66339"
840," $199.99 ",840,"21.0000000000000000","48056"
521," $399.99 ",521,"25.0000000000000000","43391"
1378," $149.99 ",1378,"34.0000000000000000","100874"
1038," $89.95 ",1038,"22.0000000000000000","45538"
936," $499.99 ",936,"25.0000000000000000","44273"
324," $399.99 ",324,"25.0000000000000000","41921"
981," $99.00 ",981,"25.0000000000000000","49459"
921," $299.99 ",921,"25.0000000000000000","46152"
1334," $299.99 ",1334,"22.0000000000000000","48624"
1221," $299.99 ",1221,"25.0000000000000000","56181"
1227," $99.00 ",1227,"23.0000000000000000","40669"
249," $199.00 ",249,"25.0000000000000000","68505"
255," $189.99 ",255,"23.0000000000000000","40045"
1295," $599.99 ",1295,"23.0000000000000000","49873"
1126," $299.99 ",1126,"32.0000000000000000","130749"
1217," $299.99 ",1217,"23.0000000000000000","42653"
984," $169.95 ",984,"25.0000000000000000","41166"
639," $599.99 ",639,"25.0000000000000000","61353"
296," $189.99 ",296,"30.0000000000000000","92323"
209," $199.00 ",209,"24.0000000000000000","46974"
74," $299.99 ",74,"38.0000000000000000","193621"
937," $299.99 ",937,"32.0000000000000000","129647"
1249," $299.99 ",1249,"22.0000000000000000","42125"
868," $140.00 ",868,"25.0000000000000000","46514"
138," $299.99 ",138,"25.0000000000000000","50130"
418," $199.00 ",418,"22.0000000000000000","48747"
947," $199.00 ",947,"34.0000000000000000","114337"
1229," $50.00 ",1229,"25.0000000000000000","45865"
978," $299.99 ",978,"24.0000000000000000","48689"
972," $399.99 ",972,"24.0000000000000000","45675"
761," $399.99 ",761,"27.0000000000000000","53406"
407," $99.00 ",407,"24.0000000000000000","41713"
1084," $199.99 ",1084,"23.0000000000000000","45389"
90," $199.00 ",90,"23.0000000000000000","44699"
904," $299.00 ",904,"22.0000000000000000","43569"
443," $299.99 ",443,"35.0000000000000000","169300"
387," $199.99 ",387,"21.0000000000000000","48682"
1337," $149.99 ",1337,"24.0000000000000000","44630"
39," $98.95 ",39,"24.0000000000000000","49901"
690," $499.99 ",690,"23.0000000000000000","45740"
526," $499.99 ",526,"23.0000000000000000","45579"
1209," $199.99 ",1209,"24.0000000000000000","41610"
393," $599.99 ",393,"26.0000000000000000","57000"
524," $299.99 ",524,"35.0000000000000000","167525"
312," $149.99 ",312,"23.0000000000000000","42429"
1151," $199.00 ",1151,"24.0000000000000000","41104"
498," $199.99 ",498,"22.0000000000000000","44887"
862," $199.00 ",862,"24.0000000000000000","41609"
1185," $399.99 ",1185,"22.0000000000000000","47967"
494," $299.00 ",494,"22.0000000000000000","43324"
469," $199.99 ",469,"25.0000000000000000","40270"
683," $249.99 ",683,"21.0000000000000000","49905"
118," $499.99 ",118,"22.0000000000000000","47998"
793," $399.99 ",793,"23.0000000000000000","44094"
608," $499.99 ",608,"25.0000000000000000","40403"
317," $499.99 ",317,"22.0000000000000000","44015"
1265," $299.99 ",1265,"22.0000000000000000","48161"
702," $180.00 ",702,"24.0000000000000000","46942"
488," $399.99 ",488,"40.0000000000000000","313938"
1101," $299.99 ",1101,"23.0000000000000000","45551"
1048," $399.99 ",1048,"23.0000000000000000","47469"
126," $199.00 ",126,"24.0000000000000000","43540"
194," $499.99 ",194,"25.0000000000000000","57064"
360," $299.99 ",360,"22.0000000000000000","41354"
463," $149.99 ",463,"31.0000000000000000","73190"
476," $149.99 ",476,"24.0000000000000000","41196"
99," $199.99 ",99,"22.0000000000000000","41712"
883," $299.99 ",883,"21.0000000000000000","43726"
629," $399.99 ",629,"22.0000000000000000","46227"
726," $399.99 ",726,"35.0000000000000000","140401"
374," $180.00 ",374,"22.0000000000000000","48681"
1146," $98.95 ",1146,"24.0000000000000000","41287"
1215," $249.99 ",1215,"23.0000000000000000","47691"
1210," $99.99 ",1210,"22.0000000000000000","41430"
224," $299.99 ",224,"29.0000000000000000","99416"
719," $299.99 ",719,"21.0000000000000000","47685"
756," $199.99 ",756,"25.0000000000000000","41834"
318," $249.99 ",318,"28.0000000000000000","55693"
933," $249.99 ",933,"22.0000000000000000","42469"
647," $299.99 ",647,"22.0000000000000000","47759"
442," $299.99 ",442,"21.0000000000000000","47827"
354," $249.99 ",354,"25.0000000000000000","47183"
1296," $149.99 ",1296,"23.0000000000000000","43257"
1238," $199.00 ",1238,"24.0000000000000000","44212"
593," $299.99 ",593,"25.0000000000000000","47609"
479," $299.99 ",479,"22.0000000000000000","49744"
293," $199.99 ",293,"23.0000000000000000","42925"
1354," $199.00 ",1354,"24.0000000000000000","45507"
1120," $89.95 ",1120,"32.0000000000000000","78789"
495," $199.00 ",495,"25.0000000000000000","66984"
1257," $249.99 ",1257,"25.0000000000000000","43615"
154," $249.99 ",154,"21.0000000000000000","42943"
1283," $149.99 ",1283,"23.0000000000000000","45715"
657," $199.00 ",657,"22.0000000000000000","42041"
234," $399.99 ",234,"25.0000000000000000","44538"
1306," $299.99 ",1306,"28.0000000000000000","59675"
474," $399.99 ",474,"24.0000000000000000","44497"
899," $99.00 ",899,"22.0000000000000000","46078"
935," $299.99 ",935,"21.0000000000000000","46370"
748," $650.00 ",748,"25.0000000000000000","46781"
675," $299.99 ",675,"25.0000000000000000","49942"
696," $50.00 ",696,"25.0000000000000000","46052"
969," $249.99 ",969,"23.0000000000000000","48892"
1179," $249.99 ",1179,"37.0000000000000000","189307"
264," $199.99 ",264,"43.0000000000000000","235565"
1253," $399.99 ",1253,"22.0000000000000000","47945"
270," $599.99 ",270,"24.0000000000000000","48271"
898," $399.99 ",898,"30.0000000000000000","71873"
435," $149.99 ",435,"25.0000000000000000","68996"
384," $299.99 ",384,"22.0000000000000000","41027"
1145," $99.00 ",1145,"23.0000000000000000","43959"
351," $399.99 ",351,"24.0000000000000000","47638"
116," $499.99 ",116,"26.0000000000000000","62537"
970," $249.99 ",970,"23.0000000000000000","49248"
732," $299.99 ",732,"22.0000000000000000","48730"
837," $199.99 ",837,"22.0000000000000000","43923"
826," $199.99 ",826,"26.0000000000000000","67735"
431," $99.99 ",431,"24.0000000000000000","49029"
1226," $399.99 ",1226,"21.0000000000000000","41124"
911," $189.99 ",911,"23.0000000000000000","45531"
491," $50.00 ",491,"25.0000000000000000","66311"
462," $199.99 ",462,"23.0000000000000000","42722"
734," $399.99 ",734,"25.0000000000000000","40508"
855," $299.99 ",855,"24.0000000000000000","44983"
1272," $199.00 ",1272,"21.0000000000000000","48995"
1248," $199.99 ",1248,"24.0000000000000000","41506"
436," $249.99 ",436,"24.0000000000000000","48222"
180," $69.99 ",180,"22.0000000000000000","43951"
1219," $499.99 ",1219,"24.0000000000000000","49070"
967," $599.99 ",967,"24.0000000000000000","41516"
870," $189.99 ",870,"25.0000000000000000","40140"
626," $199.99 ",626,"22.0000000000000000","46506"
263," $199.99 ",263,"25.0000000000000000","40702"
836," $69.99 ",836,"22.0000000000000000","43353"
784," $180.00 ",784,"23.0000000000000000","44372"
711," $399.99 ",711,"24.0000000000000000","48222"
470," $299.99 ",470,"28.0000000000000000","60155"
780," $199.00 ",780,"21.0000000000000000","48587"
768," $499.99 ",768,"21.0000000000000000","42143"
1036," $199.99 ",1036,"26.0000000000000000","52792"
838," $199.99 ",838,"24.0000000000000000","43605"
478," $249.99 ",478,"26.0000000000000000","65316"
149," $249.99 ",149,"25.0000000000000000","43225"
1301," $499.99 ",1301,"25.0000000000000000","62595"
577," $199.00 ",577,"24.0000000000000000","41955"
505," $89.95 ",505,"27.0000000000000000","64798"
280," $499.99 ",280,"24.0000000000000000","42338"
88," $199.99 ",88,"24.0000000000000000","41685"
188," $599.99 ",188,"28.0000000000000000","68432"
461," $650.00 ",461,"25.0000000000000000","47735"
240," $299.99 ",240,"23.0000000000000000","47401"
1057," $299.99 ",1057,"25.0000000000000000","55885"
328," $169.95 ",328,"21.0000000000000000","42754"
717," $199.99 ",717,"25.0000000000000000","40113"
525," $299.99 ",525,"27.0000000000000000","65594"
634," $299.99 ",634,"25.0000000000000000","46564"
1046," $99.99 ",1046,"23.0000000000000000","46990"
1328," $69.99 ",1328,"21.0000000000000000","44837"
650," $299.99 ",650,"21.0000000000000000","44848"
703," $199.99 ",703,"24.0000000000000000","42333"
226," $99.99 ",226,"23.0000000000000000","45927"
210," $180.00 ",210,"25.0000000000000000","48602"
1161," $89.95 ",1161,"23.0000000000000000","42493"
843," $399.99 ",843,"23.0000000000000000","42465"
710," $89.95 ",710,"28.0000000000000000","93659"
48," $140.00 ",48,"23.0000000000000000","40264"
1016," $299.99 ",1016,"24.0000000000000000","41069"
447," $399.99 ",447,"25.0000000000000000","43352"
298," $199.99 ",298,"38.0000000000000000","199577"
81," $50.00 ",81,"21.0000000000000000","48461"
1015," $249.99 ",1015,"27.0000000000000000","64636"
954," $199.99 ",954,"21.0000000000000000","41966"
1218," $399.99 ",1218,"21.0000000000000000","49237"
800," $99.99 ",800,"22.0000000000000000","41925"
204," $50.00 ",204,"36.0000000000000000","186356"
1021," $399.99 ",1021,"22.0000000000000000","49213"
1165," $199.99 ",1165,"36.0000000000000000","190618"
1077," $199.99 ",1077,"22.0000000000000000","42819"
456," $180.00 ",456,"24.0000000000000000","43031"
796," $199.99 ",796,"21.0000000000000000","49686"
1281," $650.00 ",1281,"22.0000000000000000","46510"
1247," $199.99 ",1247,"26.0000000000000000","68295"
531," $98.95 ",531,"24.0000000000000000","49752"
283," $399.99 ",283,"25.0000000000000000","41679"
807," $299.99 ",807,"21.0000000000000000","40415"
624," $189.99 ",624,"24.0000000000000000","42066"
546," $89.95 ",546,"27.0000000000000000","60465"
686," $499.99 ",686,"23.0000000000000000","48049"
297," $650.00 ",297,"25.0000000000000000","42002"
681," $149.99 ",681,"28.0000000000000000","68446"
361," $299.99 ",361,"22.0000000000000000","40417"
1173," $149.99 ",1173,"23.0000000000000000","46217"
303," $69.99 ",303,"23.0000000000000000","46425"
1261," $249.99 ",1261,"23.0000000000000000","40718"
974," $249.99 ",974,"25.0000000000000000","43418"
829," $189.99 ",829,"25.0000000000000000","40251"
785," $199.99 ",785,"22.0000000000000000","47033"
643," $299.99 ",643,"24.0000000000000000","46907"
472," $99.99 ",472,"22.0000000000000000","49006"
444," $499.99 ",444,"21.0000000000000000","48833"
537," $199.00 ",537,"22.0000000000000000","45013"
233," $299.99 ",233,"21.0000000000000000","46580"
1149," $199.00 ",1149,"25.0000000000000000","49773"
1370," $199.99 ",1370,"25.0000000000000000","48458"
1115," $199.00 ",1115,"26.0000000000000000","52198"
93," $199.99 ",93,"28.0000000000000000","56314"
89," $140.00 ",89,"28.0000000000000000","95982"
373," $199.00 ",373,"21.0000000000000000","42786"
252," $199.99 ",252,"27.0000000000000000","51532"
343," $299.99 ",343,"25.0000000000000000","47561"
1383," $499.99 ",1383,"25.0000000000000000","47464"
1199," $650.00 ",1199,"22.0000000000000000","41673"
1345," $299.99 ",1345,"23.0000000000000000","46927"
1316," $199.00 ",1316,"24.0000000000000000","46265"
723," $249.99 ",723,"25.0000000000000000","46350"
497," $180.00 ",497,"25.0000000000000000","45992"
1086," $199.99 ",1086,"25.0000000000000000","51747"
884," $399.99 ",884,"25.0000000000000000","49310"
155," $299.99 ",155,"23.0000000000000000","48751"
722," $149.99 ",722,"22.0000000000000000","40572"
953," $650.00 ",953,"25.0000000000000000","59425"
609," $299.99 ",609,"21.0000000000000000","43239"
416," $199.99 ",416,"21.0000000000000000","41551"
1286," $299.99 ",1286,"22.0000000000000000","40920"
195," $249.99 ",195,"22.0000000000000000","48546"
1153," $180.00 ",1153,"23.0000000000000000","48272"
1137," $499.99 ",1137,"22.0000000000000000","47667"
1097," $249.99 ",1097,"26.0000000000000000","69590"
199," $299.99 ",199,"33.0000000000000000","107432"
1374," $99.99 ",1374,"22.0000000000000000","45193"
369," $169.95 ",369,"24.0000000000000000","42667"
441," $249.99 ",441,"24.0000000000000000","45482"
243," $99.00 ",243,"25.0000000000000000","47573"
1264," $499.99 ",1264,"23.0000000000000000","44832"
902," $169.95 ",902,"23.0000000000000000","49265"
1309," $99.00 ",1309,"24.0000000000000000","42791"
1142," $299.99 ",1142,"25.0000000000000000","48355"
1047," $299.99 ",1047,"28.0000000000000000","69432"
740," $299.00 ",740,"24.0000000000000000","47791"
1178," $499.99 ",1178,"38.0000000000000000","154106"
892," $249.99 ",892,"24.0000000000000000","49908"
856," $499.99 ",856,"22.0000000000000000","45057"
1083," $199.99 ",1083,"22.0000000000000000","48246"
230," $149.99 ",230,"22.0000000000000000","49111"
503," $199.99 ",503,"22.0000000000000000","43976"
1154," $199.99 ",1154,"25.0000000000000000","43438"
78," $399.99 ",78,"22.0000000000000000","44963"
573," $50.00 ",573,"22.0000000000000000","44543"
1356," $199.00 ",1356,"25.0000000000000000","46322"
994," $650.00 ",994,"24.0000000000000000","47714"
987," $199.00 ",987,"28.0000000000000000","87171"
1099," $299.99 ",1099,"21.0000000000000000","47769"
852," $299.99 ",852,"28.0000000000000000","54184"
250," $199.00 ",250,"22.0000000000000000","41035"
611," $399.99 ",611,"23.0000000000000000","41664"
621," $199.99 ",621,"25.0000000000000000","40786"
865," $199.00 ",865,"25.0000000000000000","50739"
1246," $69.99 ",1246,"24.0000000000000000","47050"
1382," $399.99 ",1382,"22.0000000000000000","43733"
1206," $199.99 ",1206,"21.0000000000000000","48242"
962," $299.99 ",962,"23.0000000000000000","42987"
106," $599.99 ",106,"24.0000000000000000","46749"
1200," $199.99 ",1200,"25.0000000000000000","45188"
1010," $249.99 ",1010,"23.0000000000000000","42490"
178," $399.99 ",178,"25.0000000000000000","40251"
795," $69.99 ",795,"23.0000000000000000","45156"
809," $499.99 ",809,"31.0000000000000000","87324"
585," $199.99 ",585,"27.0000000000000000","54643"
934," $299.99 ",934,"23.0000000000000000","47979"
908," $199.99 ",908,"21.0000000000000000","44956"
1310," $98.95 ",1310,"26.0000000000000000","64193"
708," $199.99 ",708,"24.0000000000000000","42583"
455," $199.00 ",455,"24.0000000000000000","46064"
370," $199.00 ",370,"25.0000000000000000","41734"
684," $299.99 ",684,"45.0000000000000000","253284"
713," $69.99 ",713,"24.0000000000000000","45861"
1135," $299.99 ",1135,"24.0000000000000000","43415"
1205," $69.99 ",1205,"22.0000000000000000","42997"
1156," $199.00 ",1156,"21.0000000000000000","45331"
448," $99.00 ",448,"28.0000000000000000","63841"
930," $299.99 ",930,"25.0000000000000000","40270"
396," $249.99 ",396,"25.0000000000000000","56181"
701," $199.00 ",701,"23.0000000000000000","49592"
1092," $249.99 ",1092,"21.0000000000000000","49826"
132," $189.99 ",132,"22.0000000000000000","45997"
514," $299.99 ",514,"28.0000000000000000","86231"
322," $299.99 ",322,"25.0000000000000000","64112"
1234," $199.00 ",1234,"24.0000000000000000","45324"
854," $499.99 ",854,"25.0000000000000000","52113"
389," $199.99 ",389,"26.0000000000000000","53390"
1056," $249.99 ",1056,"32.0000000000000000","86819"
916," $399.99 ",916,"23.0000000000000000","47160"
863," $299.00 ",863,"27.0000000000000000","69643"
114," $299.99 ",114,"25.0000000000000000","46129"
60," $299.99 ",60,"25.0000000000000000","47365"
1106," $50.00 ",1106,"23.0000000000000000","44220"
1052," $249.99 ",1052,"24.0000000000000000","46116"
754," $69.99 ",754,"28.0000000000000000","50687"
518," $249.99 ",518,"25.0000000000000000","46947"
289," $299.00 ",289,"28.0000000000000000","53113"
1299," $299.99 ",1299,"25.0000000000000000","44566"
583," $189.99 ",583,"28.0000000000000000","69306"
65," $599.99 ",65,"25.0000000000000000","48389"
1202," $89.95 ",1202,"25.0000000000000000","48268"
693," $399.99 ",693,"22.0000000000000000","41861"
98," $69.99 ",98,"24.0000000000000000","45100"
744," $199.99 ",744,"21.0000000000000000","45321"
715," $199.99 ",715,"25.0000000000000000","42008"
527," $299.99 ",527,"26.0000000000000000","65880"
490," $98.95 ",490,"25.0000000000000000","47517"
235," $499.99 ",235,"21.0000000000000000","46507"
1132," $149.99 ",1132,"25.0000000000000000","43794"
763," $149.99 ",763,"23.0000000000000000","44551"
627," $149.99 ",627,"24.0000000000000000","44733"
119," $399.99 ",119,"25.0000000000000000","49310"
306," $299.99 ",306,"21.0000000000000000","45895"
286," $50.00 ",286,"29.0000000000000000","95056"
376," $140.00 ",376,"21.0000000000000000","41577"
147," $599.99 ",147,"23.0000000000000000","43760"
860," $50.00 ",860,"32.0000000000000000","79721"
480," $399.99 ",480,"21.0000000000000000","41865"
338," $650.00 ",338,"36.0000000000000000","198814"
1066," $169.95 ",1066,"21.0000000000000000","46142"
358," $499.99 ",358,"22.0000000000000000","42178"
412," $299.00 ",412,"23.0000000000000000","42140"
989," $180.00 ",989,"23.0000000000000000","41320"
950," $140.00 ",950,"21.0000000000000000","40244"
564," $249.99 ",564,"23.0000000000000000","47326"
535," $299.00 ",535,"25.0000000000000000","62960"
72," $249.99 ",72,"24.0000000000000000","46118"
1168," $199.99 ",1168,"24.0000000000000000","43597"
1159," $199.99 ",1159,"24.0000000000000000","44108"
1260," $499.99 ",1260,"21.0000000000000000","43939"
642," $249.99 ",642,"23.0000000000000000","41052"
232," $249.99 ",232,"21.0000000000000000","49393"
77," $499.99 ",77,"24.0000000000000000","43638"
725," $299.99 ",725,"25.0000000000000000","63647"
131," $199.00 ",131,"23.0000000000000000","44521"
310," $399.99 ",310,"35.0000000000000000","113837"
832," $149.99 ",832,"22.0000000000000000","43173"
907," $180.00 ",907,"23.0000000000000000","40300"
1001," $199.99 ",1001,"24.0000000000000000","43875"
584," $650.00 ",584,"23.0000000000000000","48462"
746," $199.00 ",746,"25.0000000000000000","49631"
806," $249.99 ",806,"25.0000000000000000","41583"
353," $149.99 ",353,"24.0000000000000000","46251"
939," $399.99 ",939,"22.0000000000000000","43159"
834," $399.99 ",834,"38.0000000000000000","196757"
831," $199.99 ",831,"24.0000000000000000","42797"
813," $499.99 ",813,"28.0000000000000000","54166"
1164," $69.99 ",1164,"24.0000000000000000","40950"
1298," $249.99 ",1298,"21.0000000000000000","44513"
574," $169.95 ",574,"24.0000000000000000","41380"
1335," $399.99 ",1335,"30.0000000000000000","73718"
225," $199.99 ",225,"25.0000000000000000","47899"
1305," $499.99 ",1305,"22.0000000000000000","43548"
1344," $299.99 ",1344,"24.0000000000000000","44576"
333," $180.00 ",333,"21.0000000000000000","49013"
174," $650.00 ",174,"22.0000000000000000","48802"
45," $199.00 ",45,"25.0000000000000000","47961"
1375," $299.99 ",1375,"22.0000000000000000","42853"
891," $499.99 ",891,"24.0000000000000000","45174"
134," $199.99 ",134,"35.0000000000000000","140926"
1297," $249.99 ",1297,"22.0000000000000000","45062"
918," $69.99 ",918,"21.0000000000000000","47297"
1241," $199.99 ",1241,"32.0000000000000000","104916"
1293," $299.99 ",1293,"28.0000000000000000","57896"
975," $299.99 ",975,"21.0000000000000000","43601"
848," $299.99 ",848,"27.0000000000000000","56977"
1303," $299.99 ",1303,"32.0000000000000000","90512"
430," $199.99 ",430,"21.0000000000000000","40363"
102," $199.99 ",102,"24.0000000000000000","47068"
1292," $99.99 ",1292,"22.0000000000000000","46471"
158," $299.99 ",158,"22.0000000000000000","46677"
533," $169.95 ",533,"24.0000000000000000","43295"
915," $89.95 ",915,"22.0000000000000000","43807"
459," $199.00 ",459,"28.0000000000000000","50368"
207," $299.00 ",207,"25.0000000000000000","67321"
979," $499.99 ",979,"22.0000000000000000","45633"
123," $169.95 ",123,"25.0000000000000000","40636"
1180," $299.99 ",1180,"22.0000000000000000","44524"
871," $650.00 ",871,"21.0000000000000000","46116"
881," $199.99 ",881,"23.0000000000000000","45028"
385," $69.99 ",385,"21.0000000000000000","43716"
492," $169.95 ",492,"21.0000000000000000","43620"
544," $199.99 ",544,"32.0000000000000000","143778"
365," $399.99 ",365,"22.0000000000000000","41550"
704," $140.00 ",704,"45.0000000000000000","319141"
157," $499.99 ",157,"21.0000000000000000","42472"
606," $299.99 ",606,"27.0000000000000000","69383"
618," $199.00 ",618,"25.0000000000000000","47532"
308," $99.99 ",308,"27.0000000000000000","55417"
880," $299.99 ",880,"22.0000000000000000","48101"
1072," $199.99 ",1072,"23.0000000000000000","48317"
313," $249.99 ",313,"30.0000000000000000","90346"
1080," $399.99 ",1080,"24.0000000000000000","40406"
140," $199.99 ",140,"25.0000000000000000","43269"
248," $299.00 ",248,"39.0000000000000000","191793"
137," $399.99 ",137,"23.0000000000000000","42195"
208," $199.00 ",208,"24.0000000000000000","43137"
614," $50.00 ",614,"24.0000000000000000","45447"
392," $399.99 ",392,"21.0000000000000000","43357"
191," $249.99 ",191,"23.0000000000000000","45903"
966," $399.99 ",966,"24.0000000000000000","44763"
760," $299.99 ",760,"24.0000000000000000","40594"
94," $149.99 ",94,"25.0000000000000000","49785"
1055," $499.99 ",1055,"23.0000000000000000","47216"
218," $89.95 ",218,"22.0000000000000000","42440"
1188," $50.00 ",1188,"23.0000000000000000","41404"
49," $199.00 ",49,"22.0000000000000000","45364"
671," $299.99 ",671,"21.0000000000000000","48102"
580," $199.99 ",580,"21.0000000000000000","40222"
1131," $599.99 ",1131,"23.0000000000000000","49449"
742," $199.00 ",742,"23.0000000000000000","49830"
912," $650.00 ",912,"25.0000000000000000","44618"
846," $249.99 ",846,"24.0000000000000000","49581"
938," $499.99 ",938,"22.0000000000000000","41316"
1158," $650.00 ",1158,"26.0000000000000000","65875"
1037," $149.99 ",1037,"25.0000000000000000","49300"
184," $199.99 ",184,"25.0000000000000000","48204"
87," $180.00 ",87,"22.0000000000000000","43059"
753," $299.99 ",753,"23.0000000000000000","48443"
1300," $399.99 ",1300,"23.0000000000000000","40372"
477," $249.99 ",477,"25.0000000000000000","60159"
550," $199.99 ",550,"34.0000000000000000","148273"
394," $149.99 ",394,"21.0000000000000000","44134"
272," $249.99 ",272,"25.0000000000000000","43659"
781," $299.00 ",781,"21.0000000000000000","44467"
1362," $189.99 ",1362,"22.0000000000000000","44555"
867," $199.99 ",867,"25.0000000000000000","57997"
190," $249.99 ",190,"26.0000000000000000","63882"
858," $99.00 ",858,"24.0000000000000000","41846"
554," $99.99 ",554,"28.0000000000000000","56166"
424," $399.99 ",424,"22.0000000000000000","42121"
406," $399.99 ",406,"25.0000000000000000","42400"
670," $399.99 ",670,"25.0000000000000000","68785"
309," $299.99 ",309,"21.0000000000000000","41803"
849," $399.99 ",849,"37.0000000000000000","166335"
509," $199.99 ",509,"27.0000000000000000","51930"
1366," $89.95 ",1366,"23.0000000000000000","47736"
1348," $499.99 ",1348,"34.0000000000000000","138812"
919," $199.99 ",919,"37.0000000000000000","153246"
1067," $199.00 ",1067,"29.0000000000000000","92590"
156," $299.99 ",156,"22.0000000000000000","42136"
1096," $499.99 ",1096,"36.0000000000000000","181470"
932," $499.99 ",932,"22.0000000000000000","43671"
1273," $299.00 ",1273,"22.0000000000000000","47316"
641," $249.99 ",641,"31.0000000000000000","93715"
475," $599.99 ",475,"21.0000000000000000","45528"
961," $199.99 ",961,"23.0000000000000000","45561"
888," $249.99 ",888,"21.0000000000000000","44312"
1235," $180.00 ",1235,"21.0000000000000000","49247"
282," $499.99 ",282,"33.0000000000000000","117354"
733," $499.99 ",733,"22.0000000000000000","40808"
269," $399.99 ",269,"25.0000000000000000","42128"
261," $299.99 ",261,"24.0000000000000000","43952"
502," $650.00 ",502,"21.0000000000000000","43428"
117," $299.99 ",117,"24.0000000000000000","44145"
257," $199.99 ",257,"23.0000000000000000","48185"
125," $299.00 ",125,"27.0000000000000000","53275"
40," $50.00 ",40,"24.0000000000000000","42529"
1122," $299.99 ",1122,"22.0000000000000000","45148"
700," $199.00 ",700,"24.0000000000000000","48095"
1308," $399.99 ",1308,"28.0000000000000000","61638"
43," $299.00 ",43,"25.0000000000000000","47739"
1258," $299.99 ",1258,"25.0000000000000000","46650"
1166," $199.99 ",1166,"25.0000000000000000","48784"
587," $89.95 ",587,"21.0000000000000000","49395"
1090," $599.99 ",1090,"23.0000000000000000","47755"
349," $99.99 ",349,"21.0000000000000000","47401"
187," $399.99 ",187,"25.0000000000000000","40947"
914," $149.99 ",914,"25.0000000000000000","48268"
766," $299.99 ",766,"25.0000000000000000","41785"
728," $249.99 ",728,"23.0000000000000000","43670"
1150," $299.00 ",1150,"23.0000000000000000","48772"
1119," $149.99 ",1119,"24.0000000000000000","45450"
506," $399.99 ",506,"22.0000000000000000","40403"
242," $399.99 ",242,"23.0000000000000000","46347"
331," $199.00 ",331,"24.0000000000000000","40646"
1024," $50.00 ",1024,"25.0000000000000000","41777"
913," $199.99 ",913,"24.0000000000000000","46823"
599," $149.99 ",599,"21.0000000000000000","48839"
677," $99.99 ",677,"33.0000000000000000","110885"
1232," $299.00 ",1232,"21.0000000000000000","43669"
1028," $199.00 ",1028,"25.0000000000000000","52009"
698," $199.00 ",698,"25.0000000000000000","43860"
96," $399.99 ",96,"22.0000000000000000","40562"
466," $299.99 ",466,"25.0000000000000000","67014"
201," $399.99 ",201,"22.0000000000000000","47846"
844," $599.99 ",844,"24.0000000000000000","42453"
980," $399.99 ",980,"25.0000000000000000","48287"
1039," $399.99 ",1039,"22.0000000000000000","45538"
1201," $149.99 ",1201,"23.0000000000000000","47847"
631," $69.99 ",631,"28.0000000000000000","62243"
1314," $299.00 ",1314,"27.0000000000000000","56430"
1196," $140.00 ",1196,"21.0000000000000000","45856"
107," $149.99 ",107,"33.0000000000000000","108665"
446," $499.99 ",446,"28.0000000000000000","65639"
1163," $299.99 ",1163,"23.0000000000000000","48587"
749," $199.99 ",749,"24.0000000000000000","46935"
86," $199.00 ",86,"23.0000000000000000","44001"
1148," $169.95 ",1148,"21.0000000000000000","48546"
920," $199.99 ",920,"21.0000000000000000","45122"
1058," $299.99 ",1058,"39.0000000000000000","177412"
219," $399.99 ",219,"25.0000000000000000","45236"
363," $299.99 ",363,"21.0000000000000000","44163"
231," $249.99 ",231,"25.0000000000000000","51509"
66," $149.99 ",66,"21.0000000000000000","48665"
661," $180.00 ",661,"23.0000000000000000","41701"
512," $199.99 ",512,"36.0000000000000000","167610"
340," $149.99 ",340,"27.0000000000000000","59111"
1213," $599.99 ",1213,"25.0000000000000000","49492"
873," $149.99 ",873,"24.0000000000000000","47782"
523," $249.99 ",523,"24.0000000000000000","48476"
356," $299.99 ",356,"22.0000000000000000","41227"
1311," $50.00 ",1311,"25.0000000000000000","48366"
458," $140.00 ",458,"21.0000000000000000","47018"
414," $199.00 ",414,"24.0000000000000000","42440"
640," $149.99 ",640,"25.0000000000000000","49321"
1053," $299.99 ",1053,"23.0000000000000000","42481"
368," $50.00 ",368,"23.0000000000000000","42255"
735," $99.00 ",735,"22.0000000000000000","45111"
538," $180.00 ",538,"25.0000000000000000","56854"
166," $299.00 ",166,"21.0000000000000000","41627"
595," $99.99 ",595,"24.0000000000000000","40486"
142," $299.99 ",142,"25.0000000000000000","42377"
924," $299.99 ",924,"22.0000000000000000","46218"
872," $199.99 ",872,"25.0000000000000000","49111"
410," $169.95 ",410,"22.0000000000000000","45450"
1140," $299.99 ",1140,"24.0000000000000000","44620"
1054," $399.99 ",1054,"25.0000000000000000","48484"
792," $89.95 ",792,"21.0000000000000000","41386"
1381," $299.99 ",1381,"21.0000000000000000","43907"
896," $299.99 ",896,"24.0000000000000000","41685"
651," $499.99 ",651,"22.0000000000000000","45103"
381," $149.99 ",381,"34.0000000000000000","147560"
38," $99.00 ",38,"22.0000000000000000","49326"
1005," $99.99 ",1005,"24.0000000000000000","48354"
359," $249.99 ",359,"23.0000000000000000","40436"
597," $399.99 ",597,"28.0000000000000000","96535"
1291," $199.99 ",1291,"25.0000000000000000","50680"
193," $399.99 ",193,"23.0000000000000000","45704"
1012," $299.99 ",1012,"23.0000000000000000","43783"
730," $299.99 ",730,"22.0000000000000000","46783"
548," $299.99 ",548,"23.0000000000000000","44427"
1212," $399.99 ",1212,"25.0000000000000000","40786"
217," $149.99 ",217,"22.0000000000000000","47750"
1087," $99.99 ",1087,"28.0000000000000000","86702"
709," $149.99 ",709,"29.0000000000000000","92453"
47," $199.99 ",47,"32.0000000000000000","76411"
1105," $98.95 ",1105,"23.0000000000000000","47376"
886," $149.99 ",886,"39.0000000000000000","187426"
177," $89.95 ",177,"24.0000000000000000","46062"
1332," $199.99 ",1332,"22.0000000000000000","46261"
727," $499.99 ",727,"23.0000000000000000","49141"
985," $199.00 ",985,"25.0000000000000000","42064"
810," $249.99 ",810,"28.0000000000000000","84967"
779," $169.95 ",779,"25.0000000000000000","66311"
1231," $199.00 ",1231,"28.0000000000000000","67796"
1276," $180.00 ",1276,"34.0000000000000000","117726"
1117," $650.00 ",1117,"35.0000000000000000","167378"
110," $299.99 ",110,"21.0000000000000000","47669"
1251," $99.99 ",1251,"26.0000000000000000","61311"
931," $399.99 ",931,"21.0000000000000000","42148"
145," $299.99 ",145,"28.0000000000000000","65566"
557," $599.99 ",557,"21.0000000000000000","40228"
1189," $169.95 ",1189,"21.0000000000000000","41743"
718," $99.99 ",718,"22.0000000000000000","47525"
623," $199.00 ",623,"25.0000000000000000","46572"
485," $499.99 ",485,"25.0000000000000000","44664"
1364," $199.99 ",1364,"22.0000000000000000","46029"
1388," $299.99 ",1388,"21.0000000000000000","47018"
1081," $299.99 ",1081,"22.0000000000000000","43923"
229," $599.99 ",229,"43.0000000000000000","313649"
1112," $180.00 ",1112,"23.0000000000000000","48309"
559," $249.99 ",559,"24.0000000000000000","48969"
1315," $199.00 ",1315,"24.0000000000000000","42910"
1102," $499.99 ",1102,"22.0000000000000000","49206"
788," $189.99 ",788,"25.0000000000000000","42826"
304," $199.99 ",304,"21.0000000000000000","41908"
52," $199.99 ",52,"25.0000000000000000","44620"
1198," $189.99 ",1198,"21.0000000000000000","40332"
633," $199.99 ",633,"23.0000000000000000","48364"
341," $89.95 ",341,"28.0000000000000000","72328"
450," $50.00 ",450,"23.0000000000000000","48739"
900," $98.95 ",900,"23.0000000000000000","47936"
405," $499.99 ",405,"25.0000000000000000","42657"
1195," $199.99 ",1195,"25.0000000000000000","41357"
170," $199.99 ",170,"23.0000000000000000","43924"
996," $149.99 ",996,"25.0000000000000000","42214"
762," $599.99 ",762,"24.0000000000000000","40251"
712," $299.99 ",712,"25.0000000000000000","46319"
192," $299.99 ",192,"23.0000000000000000","48470"
1174," $249.99 ",1174,"21.0000000000000000","47261"
513," $99.99 ",513,"25.0000000000000000","44454"
1197," $199.00 ",1197,"21.0000000000000000","45316"
101," $299.99 ",101,"25.0000000000000000","40460"
1063," $99.00 ",1063,"22.0000000000000000","42384"
473," $299.99 ",473,"22.0000000000000000","41008"
69," $299.99 ",69,"25.0000000000000000","60712"
1059," $499.99 ",1059,"26.0000000000000000","69716"
878," $199.99 ",878,"28.0000000000000000","66022"
679," $399.99 ",679,"22.0000000000000000","41378"
983," $50.00 ",983,"25.0000000000000000","47590"
375," $199.99 ",375,"21.0000000000000000","43185"
415," $180.00 ",415,"25.0000000000000000","64913"
976," $299.99 ",976,"26.0000000000000000","66908"
729," $299.99 ",729,"23.0000000000000000","42553"
1242," $149.99 ",1242,"27.0000000000000000","67198"
680," $599.99 ",680,"21.0000000000000000","42327"
408," $98.95 ",408,"21.0000000000000000","46664"
1376," $399.99 ",1376,"24.0000000000000000","49633"
1365," $149.99 ",1365,"21.0000000000000000","47134"
782," $199.00 ",782,"23.0000000000000000","43172"
1160," $149.99 ",1160,"23.0000000000000000","46164"
689," $299.99 ",689,"23.0000000000000000","48969"
1338," $249.99 ",1338,"21.0000000000000000","48067"
1359," $199.99 ",1359,"24.0000000000000000","41920"
982," $98.95 ",982,"24.0000000000000000","48222"
522," $499.99 ",522,"22.0000000000000000","41164"
1079," $89.95 ",1079,"28.0000000000000000","93996"
674," $199.99 ",674,"21.0000000000000000","47781"
630," $299.99 ",630,"23.0000000000000000","46207"
1152," $199.00 ",1152,"25.0000000000000000","40553"
575," $199.00 ",575,"27.0000000000000000","53406"
1384," $249.99 ",1384,"28.0000000000000000","58617"
1330," $199.99 ",1330,"27.0000000000000000","57913"
821," $199.00 ",821,"27.0000000000000000","62307"
401," $299.99 ",401,"27.0000000000000000","61575"
1141," $499.99 ",1141,"28.0000000000000000","69772"
1329," $199.99 ",1329,"25.0000000000000000","43380"
659," $199.00 ",659,"32.0000000000000000","140916"
739," $199.00 ",739,"25.0000000000000000","43354"
1094," $299.99 ",1094,"21.0000000000000000","48203"
279," $299.99 ",279,"28.0000000000000000","66965"
1110," $199.00 ",1110,"22.0000000000000000","49497"
903," $199.00 ",903,"21.0000000000000000","43315"
741," $199.00 ",741,"25.0000000000000000","59115"
716," $299.99 ",716,"22.0000000000000000","47850"
897," $499.99 ",897,"23.0000000000000000","49026"
543," $650.00 ",543,"23.0000000000000000","46824"
736," $98.95 ",736,"23.0000000000000000","47414"
565," $299.99 ",565,"21.0000000000000000","48098"
566," $299.99 ",566,"21.0000000000000000","49903"
1130," $399.99 ",1130,"23.0000000000000000","41904"
457," $199.99 ",457,"24.0000000000000000","40513"
85," $199.00 ",85,"23.0000000000000000","40324"
592," $199.99 ",592,"23.0000000000000000","40183"
281," $299.99 ",281,"22.0000000000000000","49380"
687," $249.99 ",687,"25.0000000000000000","43428"
1041," $69.99 ",1041,"25.0000000000000000","46847"
553," $199.99 ",553,"24.0000000000000000","46891"
302," $299.99 ",302,"25.0000000000000000","46844"
288," $199.00 ",288,"28.0000000000000000","56728"
622," $140.00 ",622,"23.0000000000000000","47080"
927," $149.99 ",927,"25.0000000000000000","46965"
1027," $299.00 ",1027,"22.0000000000000000","48959"
774," $499.99 ",774,"26.0000000000000000","67582"
1385," $299.99 ",1385,"23.0000000000000000","41636"
398," $399.99 ",398,"25.0000000000000000","69421"
635," $199.99 ",635,"21.0000000000000000","48001"
388," $299.99 ",388,"22.0000000000000000","42710"
1233," $199.00 ",1233,"21.0000000000000000","48626"
165," $199.00 ",165,"32.0000000000000000","83066"
56," $299.99 ",56,"24.0000000000000000","49705"
151," $299.99 ",151,"22.0000000000000000","43835"
1346," $499.99 ",1346,"23.0000000000000000","49712"
820," $169.95 ",820,"25.0000000000000000","46110"
1267," $399.99 ",1267,"21.0000000000000000","45477"
992," $199.00 ",992,"27.0000000000000000","51380"
620," $180.00 ",620,"35.0000000000000000","124154"
894," $299.99 ",894,"22.0000000000000000","40054"
1357," $199.00 ",1357,"23.0000000000000000","42950"
245," $50.00 ",245,"21.0000000000000000","46002"
205," $169.95 ",205,"22.0000000000000000","48539"
67," $249.99 ",67,"31.0000000000000000","72886"
1326," $399.99 ",1326,"26.0000000000000000","59121"
1020," $499.99 ",1020,"25.0000000000000000","47237"
325," $99.00 ",325,"22.0000000000000000","41926"
895," $499.99 ",895,"21.0000000000000000","48773"
673," $199.99 ",673,"25.0000000000000000","46659"
1377," $599.99 ",1377,"23.0000000000000000","45306"
1127," $199.99 ",1127,"25.0000000000000000","68290"
1060," $299.99 ",1060,"22.0000000000000000","49831"
1017," $299.99 ",1017,"22.0000000000000000","45481"
783," $199.00 ",783,"23.0000000000000000","44014"
484," $299.99 ",484,"25.0000000000000000","41323"
334," $199.99 ",334,"23.0000000000000000","41120"
558," $149.99 ",558,"21.0000000000000000","49384"
144," $99.99 ",144,"23.0000000000000000","46418"
1071," $180.00 ",1071,"28.0000000000000000","62659"
540," $140.00 ",540,"25.0000000000000000","43638"
1224," $299.99 ",1224,"24.0000000000000000","41500"
168," $199.00 ",168,"23.0000000000000000","44469"
598," $599.99 ",598,"22.0000000000000000","44762"
471," $199.99 ",471,"24.0000000000000000","44054"
1051," $249.99 ",1051,"25.0000000000000000","47786"
287," $169.95 ",287,"22.0000000000000000","48777"
464," $89.95 ",464,"23.0000000000000000","40134"
1109," $299.00 ",1109,"22.0000000000000000","44806"
167," $199.00 ",167,"42.0000000000000000","388112"
277," $249.99 ",277,"21.0000000000000000","41017"
290," $199.00 ",290,"21.0000000000000000","45039"
300," $89.95 ",300,"25.0000000000000000","51817"
1352," $50.00 ",1352,"24.0000000000000000","46349"
662," $199.99 ",662,"24.0000000000000000","47465"
284," $99.00 ",284,"22.0000000000000000","44207"
1254," $599.99 ",1254,"26.0000000000000000","66908"
342," $399.99 ",342,"23.0000000000000000","44225"
1133," $249.99 ",1133,"22.0000000000000000","42102"
1271," $169.95 ",1271,"27.0000000000000000","61742"
1035," $650.00 ",1035,"21.0000000000000000","43677"
367," $98.95 ",367,"24.0000000000000000","46206"
1073," $140.00 ",1073,"22.0000000000000000","49444"
588," $399.99 ",588,"28.0000000000000000","60348"
1019," $299.99 ",1019,"28.0000000000000000","55949"
41," $169.95 ",41,"25.0000000000000000","44448"
439," $399.99 ",439,"25.0000000000000000","42457"
206," $199.00 ",206,"22.0000000000000000","45146"
46," $180.00 ",46,"29.0000000000000000","96378"
1389," $499.99 ",1389,"24.0000000000000000","40180"
586," $149.99 ",586,"28.0000000000000000","57182"
572," $98.95 ",572,"23.0000000000000000","45579"
53," $149.99 ",53,"23.0000000000000000","43285"
336," $199.00 ",336,"31.0000000000000000","76143"
275," $399.99 ",275,"24.0000000000000000","49110"
247," $199.00 ",247,"21.0000000000000000","46733"
260," $399.99 ",260,"24.0000000000000000","47386"
423," $89.95 ",423,"24.0000000000000000","43137"
1240," $650.00 ",1240,"23.0000000000000000","49512"
136," $89.95 ",136,"23.0000000000000000","49081"
139," $69.99 ",139,"25.0000000000000000","55472"
1182," $499.99 ",1182,"22.0000000000000000","44856"
411," $199.00 ",411,"25.0000000000000000","43355"
869," $199.00 ",869,"22.0000000000000000","41164"
1033," $199.00 ",1033,"22.0000000000000000","42886"
864," $199.00 ",864,"25.0000000000000000","47178"
425," $299.99 ",425,"24.0000000000000000","45950"
672," $69.99 ",672,"23.0000000000000000","44610"
825," $180.00 ",825,"37.0000000000000000","164773"
1040," $299.99 ",1040,"32.0000000000000000","88539"
316," $399.99 ",316,"21.0000000000000000","42803"
731," $499.99 ",731,"22.0000000000000000","47146"
403," $499.99 ",403,"31.0000000000000000","78493"
1282," $199.99 ",1282,"23.0000000000000000","48482"
256," $650.00 ",256,"24.0000000000000000","48938"
1350," $99.00 ",1350,"28.0000000000000000","51084"
654," $98.95 ",654,"21.0000000000000000","41943"
332," $199.00 ",332,"30.0000000000000000","97879"
628," $89.95 ",628,"26.0000000000000000","53390"
885," $599.99 ",885,"23.0000000000000000","44925"
422," $149.99 ",422,"24.0000000000000000","43124"
549," $69.99 ",549,"23.0000000000000000","48930"
185," $99.99 ",185,"27.0000000000000000","51053"
653," $99.00 ",653,"22.0000000000000000","45025"
380," $199.99 ",380,"33.0000000000000000","120184"
215," $650.00 ",215,"24.0000000000000000","42344"
1275," $199.00 ",1275,"22.0000000000000000","49235"
1107," $169.95 ",1107,"25.0000000000000000","59246"
1339," $249.99 ",1339,"23.0000000000000000","45927"
130," $140.00 ",130,"21.0000000000000000","45830"
1157," $189.99 ",1157,"21.0000000000000000","42458"
612," $99.00 ",612,"26.0000000000000000","63290"
486," $299.99 ",486,"28.0000000000000000","65927"
625," $650.00 ",625,"32.0000000000000000","72598"
1155," $140.00 ",1155,"24.0000000000000000","48181"
617," $299.00 ",617,"21.0000000000000000","48801"
765," $249.99 ",765,"21.0000000000000000","43624"
1277," $199.99 ",1277,"23.0000000000000000","49095"
552," $299.99 ",552,"23.0000000000000000","40413"
887," $249.99 ",887,"22.0000000000000000","47430"
959," $69.99 ",959,"25.0000000000000000","43148"
819," $50.00 ",819,"23.0000000000000000","46043"
314," $249.99 ",314,"22.0000000000000000","44980"
817," $99.00 ",817,"23.0000000000000000","48014"
386," $199.99 ",386,"27.0000000000000000","60085"
1274," $199.00 ",1274,"25.0000000000000000","45125"
426," $69.99 ",426,"25.0000000000000000","55525"
433," $399.99 ",433,"21.0000000000000000","40396"
364," $499.99 ",364,"23.0000000000000000","45123"
1187," $98.95 ",1187,"21.0000000000000000","45425"
877," $69.99 ",877,"37.0000000000000000","151618"
299," $149.99 ",299,"30.0000000000000000","96478"
169," $180.00 ",169,"24.0000000000000000","41109"
1123," $69.99 ",1123,"25.0000000000000000","48915"
1113," $199.99 ",1113,"22.0000000000000000","49108"
605," $249.99 ",605,"33.0000000000000000","100471"
345," $199.99 ",345,"25.0000000000000000","43352"
92," $650.00 ",92,"21.0000000000000000","40041"
1317," $180.00 ",1317,"28.0000000000000000","90134"
541," $199.00 ",541,"24.0000000000000000","45776"
971," $299.99 ",971,"25.0000000000000000","45818"
660," $199.00 ",660,"22.0000000000000000","46173"
910," $199.00 ",910,"22.0000000000000000","45155"
437," $249.99 ",437,"24.0000000000000000","47982"
236," $249.99 ",236,"24.0000000000000000","47308"
941," $98.95 ",941,"24.0000000000000000","40236"
957," $399.99 ",957,"36.0000000000000000","171056"
1065," $50.00 ",1065,"21.0000000000000000","44657"
998," $399.99 ",998,"23.0000000000000000","48406"
949," $199.99 ",949,"31.0000000000000000","83091"
197," $299.99 ",197,"21.0000000000000000","41604"
135," $149.99 ",135,"21.0000000000000000","48886"
999," $299.99 ",999,"22.0000000000000000","41265"
493," $199.00 ",493,"32.0000000000000000","72359"
1064," $98.95 ",1064,"22.0000000000000000","40808"
707," $650.00 ",707,"24.0000000000000000","49530"
665," $189.99 ",665,"35.0000000000000000","153111"
454," $199.00 ",454,"23.0000000000000000","43586"
759," $99.99 ",759,"28.0000000000000000","60183"
1193," $199.00 ",1193,"26.0000000000000000","59121"
879," $199.99 ",879,"25.0000000000000000","47746"
482," $249.99 ",482,"35.0000000000000000","111599"
227," $299.99 ",227,"23.0000000000000000","48891"
500," $199.00 ",500,"21.0000000000000000","40065"
1204," $299.99 ",1204,"21.0000000000000000","44774"
311," $599.99 ",311,"28.0000000000000000","69851"
73," $299.99 ",73,"25.0000000000000000","65212"
1169," $99.99 ",1169,"28.0000000000000000","64432"
103," $99.99 ",103,"25.0000000000000000","50813"
1252," $299.99 ",1252,"24.0000000000000000","41248"
1171," $399.99 ",1171,"25.0000000000000000","50759"
1236," $199.99 ",1236,"23.0000000000000000","42737"
1138," $249.99 ",1138,"40.0000000000000000","319742"
1085," $299.99 ",1085,"21.0000000000000000","47668"
875," $399.99 ",875,"22.0000000000000000","41468"
239," $499.99 ",239,"26.0000000000000000","65316"
121," $98.95 ",121,"26.0000000000000000","68245"
1353," $169.95 ",1353,"26.0000000000000000","50343"
1255," $149.99 ",1255,"22.0000000000000000","48959"
420," $650.00 ",420,"25.0000000000000000","45319"
561," $299.99 ",561,"22.0000000000000000","44448"
1322," $650.00 ",1322,"23.0000000000000000","43681"
845," $149.99 ",845,"21.0000000000000000","46026"
755," $199.99 ",755,"25.0000000000000000","42635"
1184," $499.99 ",1184,"25.0000000000000000","47174"
1031," $199.99 ",1031,"24.0000000000000000","49928"
196," $299.99 ",196,"28.0000000000000000","50044"
291," $199.00 ",291,"21.0000000000000000","41619"
1069," $199.00 ",1069,"22.0000000000000000","44469"
1361," $199.00 ",1361,"21.0000000000000000","42395"
1129," $299.99 ",1129,"21.0000000000000000","40363"
859," $98.95 ",859,"26.0000000000000000","65880"
842," $299.99 ",842,"21.0000000000000000","42651"
767," $399.99 ",767,"27.0000000000000000","52760"
1367," $399.99 ",1367,"23.0000000000000000","45460"
61," $199.99 ",61,"22.0000000000000000","45721"
1043," $199.99 ",1043,"22.0000000000000000","43511"
244," $98.95 ",244,"32.0000000000000000","97708"
602," $299.99 ",602,"26.0000000000000000","67051"
1192," $199.00 ",1192,"22.0000000000000000","40014"
1088," $299.99 ",1088,"21.0000000000000000","42132"
1124," $199.99 ",1124,"21.0000000000000000","45223"
691," $299.99 ",691,"23.0000000000000000","46601"
468," $199.99 ",468,"21.0000000000000000","49497"
697," $169.95 ",697,"22.0000000000000000","43483"
1243," $89.95 ",1243,"25.0000000000000000","42637"
721," $599.99 ",721,"23.0000000000000000","40414"
251," $180.00 ",251,"34.0000000000000000","126871"
1100," $499.99 ",1100,"25.0000000000000000","48171"
705," $199.00 ",705,"29.0000000000000000","91596"
104," $299.99 ",104,"33.0000000000000000","129191"
1270," $50.00 ",1270,"21.0000000000000000","47334"
1032," $140.00 ",1032,"29.0000000000000000","93342"
960," $199.99 ",960,"21.0000000000000000","48074"
171," $140.00 ",171,"25.0000000000000000","64232"
397," $299.99 ",397,"23.0000000000000000","48287"
604," $499.99 ",604,"21.0000000000000000","44181"
427," $199.99 ",427,"34.0000000000000000","112580"
786," $140.00 ",786,"22.0000000000000000","47990"
347," $299.99 ",347,"25.0000000000000000","43991"
179," $299.99 ",179,"21.0000000000000000","42416"
562," $399.99 ",562,"26.0000000000000000","51655"
636," $99.99 ",636,"25.0000000000000000","55001"
1228," $98.95 ",1228,"24.0000000000000000","45278"
321," $499.99 ",321,"26.0000000000000000","63008"
1387," $499.99 ",1387,"30.0000000000000000","89843"
105," $399.99 ",105,"28.0000000000000000","66338"
402," $299.99 ",402,"22.0000000000000000","46038"
804," $149.99 ",804,"27.0000000000000000","69643"
445," $299.99 ",445,"29.0000000000000000","96909"
866," $180.00 ",866,"23.0000000000000000","40331"
889," $299.99 ",889,"25.0000000000000000","40271"
991," $140.00 ",991,"21.0000000000000000","42476"
776," $99.00 ",776,"21.0000000000000000","44693"
467," $69.99 ",467,"24.0000000000000000","46726"
327," $50.00 ",327,"24.0000000000000000","46499"
253," $140.00 ",253,"24.0000000000000000","43339"
1369," $69.99 ",1369,"27.0000000000000000","69301"
692," $499.99 ",692,"23.0000000000000000","45949"
581," $140.00 ",581,"23.0000000000000000","43247"
1177," $399.99 ",1177,"31.0000000000000000","91316"
1121," $399.99 ",1121,"22.0000000000000000","44305"
109," $249.99 ",109,"24.0000000000000000","47417"
133," $650.00 ",133,"25.0000000000000000","44218"
1343," $249.99 ",1343,"25.0000000000000000","66250"
724," $249.99 ",724,"28.0000000000000000","93529"
1134," $249.99 ",1134,"28.0000000000000000","54514"
1323," $199.99 ",1323,"36.0000000000000000","179845"
1237," $140.00 ",1237,"22.0000000000000000","45545"
1222," $299.99 ",1222,"39.0000000000000000","197246"
372," $199.00 ",372,"22.0000000000000000","47695"
1358," $180.00 ",1358,"24.0000000000000000","48660"
339," $199.99 ",339,"24.0000000000000000","43417"
600," $249.99 ",600,"22.0000000000000000","43397"
772," $499.99 ",772,"22.0000000000000000","47013"
335," $140.00 ",335,"32.0000000000000000","126181"
603," $399.99 ",603,"31.0000000000000000","93516"
591," $199.99 ",591,"28.0000000000000000","65607"
808," $399.99 ",808,"24.0000000000000000","42416"
383," $399.99 ",383,"24.0000000000000000","42538"
301," $399.99 ",301,"24.0000000000000000","45604"
1011," $249.99 ",1011,"35.0000000000000000","135858"
757," $299.99 ",757,"24.0000000000000000","44028"
771," $299.99 ",771,"24.0000000000000000","48519"
827," $140.00 ",827,"23.0000000000000000","44964"
254," $199.00 ",254,"22.0000000000000000","44506"
1360," $140.00 ",1360,"21.0000000000000000","47754"
377," $199.00 ",377,"24.0000000000000000","41691"
952," $189.99 ",952,"25.0000000000000000","45461"
159," $499.99 ",159,"25.0000000000000000","45977"
432," $299.99 ",432,"24.0000000000000000","48775"
986," $299.00 ",986,"24.0000000000000000","44557"
857," $399.99 ",857,"23.0000000000000000","46985"
619," $199.00 ",619,"37.0000000000000000","184143"
890," $399.99 ",890,"21.0000000000000000","45105"
1214," $149.99 ",1214,"30.0000000000000000","93212"
1347," $299.99 ",1347,"21.0000000000000000","46772"
1341," $399.99 ",1341,"32.0000000000000000","91035"
1061," $499.99 ",1061,"24.0000000000000000","48410"
319," $299.99 ",319,"26.0000000000000000","52083"
76," $299.99 ",76,"27.0000000000000000","53339"
1074," $199.00 ",1074,"28.0000000000000000","61787"
517," $149.99 ",517,"22.0000000000000000","47519"
1111," $199.00 ",1111,"23.0000000000000000","40935"
1082," $69.99 ",1082,"24.0000000000000000","43121"
129," $199.99 ",129,"25.0000000000000000","41936"
203," $98.95 ",203,"24.0000000000000000","48047"
1181," $299.99 ",1181,"25.0000000000000000","40361"
789," $650.00 ",789,"23.0000000000000000","40846"
346," $199.99 ",346,"25.0000000000000000","49619"
71," $499.99 ",71,"21.0000000000000000","44993"
267," $99.99 ",267,"23.0000000000000000","48887"
68," $249.99 ",68,"21.0000000000000000","45225"
1002," $199.99 ",1002,"23.0000000000000000","44814"
773," $299.99 ",773,"23.0000000000000000","47131"
1023," $98.95 ",1023,"24.0000000000000000","47142"
146," $399.99 ",146,"24.0000000000000000","48976"
80," $98.95 ",80,"21.0000000000000000","40381"
1172," $599.99 ",1172,"27.0000000000000000","69301"
861," $169.95 ",861,"23.0000000000000000","45636"
1208," $299.99 ",1208,"22.0000000000000000","46543"
511," $299.99 ",511,"25.0000000000000000","46808"
162," $98.95 ",162,"22.0000000000000000","42727"
1351," $98.95 ",1351,"25.0000000000000000","46927"
738," $169.95 ",738,"29.0000000000000000","82993"
1183," $299.99 ",1183,"32.0000000000000000","140762"
797," $199.99 ",797,"22.0000000000000000","41032"
582," $199.00 ",582,"25.0000000000000000","62673"
1333," $99.99 ",1333,"23.0000000000000000","41899"
1095," $399.99 ",1095,"23.0000000000000000","48869"
1034," $189.99 ",1034,"23.0000000000000000","46693"
943," $169.95 ",943,"32.0000000000000000","78311"
1386," $299.99 ",1386,"25.0000000000000000","42886"
330," $299.00 ",330,"22.0000000000000000","47001"
751," $89.95 ",751,"22.0000000000000000","43434"
237," $299.99 ",237,"22.0000000000000000","45952"
1220," $249.99 ",1220,"25.0000000000000000","47843"
451," $169.95 ",451,"21.0000000000000000","46438"
262," $69.99 ",262,"24.0000000000000000","48981"
323," $499.99 ",323,"24.0000000000000000","44888"
348," $199.99 ",348,"23.0000000000000000","44712"
337," $189.99 ",337,"23.0000000000000000","40998"
1363," $650.00 ",1363,"25.0000000000000000","44112"
504," $149.99 ",504,"25.0000000000000000","66820"
399," $499.99 ",399,"23.0000000000000000","44342"
238," $299.99 ",238,"25.0000000000000000","68505"
112," $499.99 ",112,"23.0000000000000000","46743"
560," $249.99 ",560,"27.0000000000000000","58341"
547," $399.99 ",547,"21.0000000000000000","40816"
818," $98.95 ",818,"22.0000000000000000","49686"
1042," $199.99 ",1042,"24.0000000000000000","47248"
613," $98.95 ",613,"24.0000000000000000","47598"
268," $299.99 ",268,"24.0000000000000000","47499"
737," $50.00 ",737,"39.0000000000000000","161839"
569," $499.99 ",569,"25.0000000000000000","48447"
124," $199.00 ",124,"25.0000000000000000","45233"
615," $169.95 ",615,"23.0000000000000000","42213"
452," $199.00 ",452,"22.0000000000000000","49253"
798," $299.99 ",798,"31.0000000000000000","98715"
830," $650.00 ",830,"31.0000000000000000","97830"
200," $499.99 ",200,"24.0000000000000000","45499"
988," $199.00 ",988,"22.0000000000000000","41053"
1340," $299.99 ",1340,"24.0000000000000000","43721"
964," $99.99 ",964,"23.0000000000000000","45790"
601," $249.99 ",601,"23.0000000000000000","49611"
590," $69.99 ",590,"25.0000000000000000","43751"
82," $169.95 ",82,"25.0000000000000000","46584"
990," $199.99 ",990,"24.0000000000000000","49662"
202," $99.00 ",202,"28.0000000000000000","67299"
685," $399.99 ",685,"22.0000000000000000","49703"
905," $199.00 ",905,"32.0000000000000000","122535"
1379," $249.99 ",1379,"25.0000000000000000","43909"
973," $499.99 ",973,"23.0000000000000000","45744"
610," $499.99 ",610,"22.0000000000000000","42943"
79," $99.00 ",79,"21.0000000000000000","42686"
678," $299.99 ",678,"22.0000000000000000","45019"
812," $299.99 ",812,"21.0000000000000000","43481"
1390," $399.99 ",1390,"28.0000000000000000","55790"
579," $180.00 ",579,"28.0000000000000000","90201"
510," $199.99 ",510,"25.0000000000000000","48996"
1176," $299.99 ",1176,"22.0000000000000000","48618"
1186," $99.00 ",1186,"24.0000000000000000","48441"
198," $499.99 ",198,"23.0000000000000000","45022"
212," $140.00 ",212,"23.0000000000000000","49318"
1116," $189.99 ",1116,"25.0000000000000000","41928"
1290," $299.99 ",1290,"22.0000000000000000","46848"
1089," $399.99 ",1089,"28.0000000000000000","51640"
1380," $249.99 ",1380,"27.0000000000000000","53275"
1070," $199.00 ",1070,"22.0000000000000000","44744"
404," $299.99 ",404,"25.0000000000000000","43292"
1147," $50.00 ",1147,"25.0000000000000000","47183"
720," $399.99 ",720,"25.0000000000000000","64823"
997," $89.95 ",997,"21.0000000000000000","46813"
917," $299.99 ",917,"22.0000000000000000","42519"
489," $99.00 ",489,"21.0000000000000000","46616"
1280," $189.99 ",1280,"21.0000000000000000","44193"
1029," $199.00 ",1029,"25.0000000000000000","46697"
515," $399.99 ",515,"24.0000000000000000","45252"
1068," $299.00 ",1068,"23.0000000000000000","45755"
1256," $249.99 ",1256,"23.0000000000000000","40240"
1000," $69.99 ",1000,"21.0000000000000000","43539"
1245," $299.99 ",1245,"25.0000000000000000","43259"
616," $199.00 ",616,"21.0000000000000000","44397"
1211," $299.99 ",1211,"24.0000000000000000","46779"
706," $189.99 ",706,"21.0000000000000000","40586"
83," $199.00 ",83,"25.0000000000000000","50739"
63," $299.99 ",63,"21.0000000000000000","42650"
1230," $169.95 ",1230,"24.0000000000000000","42662"
571," $99.00 ",571,"21.0000000000000000","45181"
516," $599.99 ",516,"25.0000000000000000","44011"
956," $89.95 ",956,"21.0000000000000000","41759"
666," $650.00 ",666,"23.0000000000000000","47408"
542," $189.99 ",542,"21.0000000000000000","47216"
395," $249.99 ",395,"23.0000000000000000","44148"
216," $199.99 ",216,"24.0000000000000000","43343"
1294," $399.99 ",1294,"24.0000000000000000","45340"
958," $299.99 ",958,"25.0000000000000000","40214"
882," $99.99 ",882,"24.0000000000000000","43461"
295," $199.00 ",295,"22.0000000000000000","47967"
694," $99.00 ",694,"23.0000000000000000","42213"
213," $199.00 ",213,"23.0000000000000000","48356"
955," $149.99 ",955,"25.0000000000000000","43938"
1114," $140.00 ",1114,"35.0000000000000000","143333"
274," $299.99 ",274,"24.0000000000000000","49806"
1304," $299.99 ",1304,"25.0000000000000000","41853"
801," $299.99 ",801,"25.0000000000000000","43531"
163," $50.00 ",163,"25.0000000000000000","53218"
1302," $249.99 ",1302,"32.0000000000000000","124060"
1103," $399.99 ",1103,"28.0000000000000000","75658"
833," $89.95 ",833,"25.0000000000000000","47683"
669," $89.95 ",669,"24.0000000000000000","49849"
223," $199.99 ",223,"23.0000000000000000","46127"
352," $599.99 ",352,"22.0000000000000000","41284"
1244," $399.99 ",1244,"21.0000000000000000","45768"
362," $499.99 ",362,"22.0000000000000000","44617"
221," $69.99 ",221,"23.0000000000000000","45084"
752," $399.99 ",752,"24.0000000000000000","43726"
1013," $399.99 ",1013,"25.0000000000000000","46386"
688," $299.99 ",688,"35.0000000000000000","185221"
1288," $199.99 ",1288,"21.0000000000000000","43873"
1207," $199.99 ",1207,"22.0000000000000000","43356"
594," $199.99 ",594,"21.0000000000000000","45896"
460," $189.99 ",460,"32.0000000000000000","99098"
499," $140.00 ",499,"26.0000000000000000","57046"
265," $299.99 ",265,"22.0000000000000000","41641"
111," $399.99 ",111,"21.0000000000000000","40318"
1093," $249.99 ",1093,"21.0000000000000000","46839"
1076," $650.00 ",1076,"25.0000000000000000","44428"
851," $249.99 ",851,"30.0000000000000000","98057"
968," $149.99 ",968,"25.0000000000000000","49764"
62," $99.99 ",62,"25.0000000000000000","49976"
893," $299.99 ",893,"22.0000000000000000","44591"
1318," $199.99 ",1318,"33.0000000000000000","126294"
993," $189.99 ",993,"24.0000000000000000","42344"
326," $98.95 ",326,"45.0000000000000000","324783"
568," $299.99 ",568,"23.0000000000000000","41984"
371," $299.00 ",371,"22.0000000000000000","40975"
805," $249.99 ",805,"26.0000000000000000","59262"
655," $50.00 ",655,"27.0000000000000000","50393"
1327," $299.99 ",1327,"23.0000000000000000","43319"
1139," $299.99 ",1139,"25.0000000000000000","47477"
413," $199.00 ",413,"28.0000000000000000","52406"
649," $499.99 ",649,"26.0000000000000000","60014"
183," $299.99 ",183,"26.0000000000000000","61046"
100," $199.99 ",100,"24.0000000000000000","47069"
1225," $499.99 ",1225,"25.0000000000000000","60778"
1223," $499.99 ",1223,"25.0000000000000000","45986"
925," $399.99 ",925,"21.0000000000000000","40398"
150," $249.99 ",150,"22.0000000000000000","42361"
1342," $499.99 ",1342,"23.0000000000000000","40264"
656," $169.95 ",656,"22.0000000000000000","42003"
421," $199.99 ",421,"28.0000000000000000","60707"
429," $299.99 ",429,"22.0000000000000000","40335"
835," $299.99 ",835,"23.0000000000000000","42075"
141," $199.99 ",141,"22.0000000000000000","43712"
122," $50.00 ",122,"23.0000000000000000","47498"
1355," $299.00 ",1355,"30.0000000000000000","81319"
648," $299.99 ",648,"25.0000000000000000","40105"
570," $399.99 ",570,"26.0000000000000000","50809"
1026," $199.00 ",1026,"25.0000000000000000","45128"
923," $99.99 ",923,"22.0000000000000000","47788"
995," $199.99 ",995,"24.0000000000000000","44406"
434," $599.99 ",434,"25.0000000000000000","45998"
211," $199.99 ",211,"22.0000000000000000","43036"
1320," $199.00 ",1320,"27.0000000000000000","69329"
1191," $299.00 ",1191,"24.0000000000000000","43150"
901," $50.00 ",901,"24.0000000000000000","41653"
1014," $499.99 ",1014,"24.0000000000000000","41781"
1125," $199.99 ",1125,"25.0000000000000000","45485"
530," $99.00 ",530,"22.0000000000000000","41819"
928," $249.99 ",928,"22.0000000000000000","41071"
536," $199.00 ",536,"23.0000000000000000","41912"
465," $399.99 ",465,"28.0000000000000000","93854"
449," $98.95 ",449,"24.0000000000000000","46988"
520," $299.99 ",520,"21.0000000000000000","43363"
64," $399.99 ",64,"25.0000000000000000","44632"
55," $399.99 ",55,"25.0000000000000000","46436"
148," $149.99 ",148,"22.0000000000000000","41047"
790," $199.99 ",790,"22.0000000000000000","45036"
828," $199.00 ",828,"21.0000000000000000","41476"
